id,grade,name_en,name_ko,current_thumbnail_id,bandai_manual_id,manual_search_url
hg-rx-78-2-revive,HG,RX-78-2 Gundam,RX-78-2 건담,196,,https://manual.bandai-hobby.net/menus?freeword=RX-78-2&categories%5B%5D=1&categories%5B%5D=5
rg-rx-78-2,RG,RX-78-2 Gundam,RX-78-2 건담,1,,https://manual.bandai-hobby.net/menus?freeword=RX-78-2&categories%5B%5D=10
mg-rx-78-2-ver3,MG,RX-78-2 Gundam Ver.3.0,RX-78-2 건담 Ver.3.0,86,,https://manual.bandai-hobby.net/menus?freeword=RX-78-2&categories%5B%5D=6
pg-rx-78-2,PG,RX-78-2 Gundam,RX-78-2 건담,308,,https://manual.bandai-hobby.net/menus?freeword=RX-78-2&categories%5B%5D=9
pgu-rx-78-2,PGU,RX-78-2 Gundam,RX-78-2 건담,434,,https://manual.bandai-hobby.net/menus?freeword=RX-78-2&categories%5B%5D=9
eg-rx-78-2,EG,RX-78-2 Gundam,RX-78-2 건담,435,,https://manual.bandai-hobby.net/menus?freeword=RX-78-2&categories%5B%5D=2
hg-unicorn-destroy,HGUC,Unicorn Gundam Destroy Mode,유니콘 건담 디스트로이 모드,51,,https://manual.bandai-hobby.net/menus?freeword=RX-0&categories%5B%5D=5&categories%5B%5D=1
hg-unicorn-unicorn,HGUC,Unicorn Gundam Unicorn Mode,유니콘 건담 유니콘 모드,50,,https://manual.bandai-hobby.net/menus?freeword=RX-0&categories%5B%5D=5&categories%5B%5D=1
rg-unicorn,RG,Unicorn Gundam,유니콘 건담,25,,https://manual.bandai-hobby.net/menus?freeword=RX-0&categories%5B%5D=10
mg-unicorn-verka,MG,Unicorn Gundam Ver.Ka,유니콘 건담 Ver.Ka,115,,https://manual.bandai-hobby.net/menus?freeword=RX-0&categories%5B%5D=6
hg-freedom-revive,HGCE,Freedom Gundam,프리덤 건담,200,,https://manual.bandai-hobby.net/menus?freeword=ZGMF-X10A&categories%5B%5D=1&categories%5B%5D=5
rg-freedom,RG,Freedom Gundam,프리덤 건담,5,,https://manual.bandai-hobby.net/menus?freeword=ZGMF-X10A&categories%5B%5D=10
mg-freedom-ver2,MG,Freedom Gundam Ver.2.0,프리덤 건담 Ver.2.0,145,,https://manual.bandai-hobby.net/menus?freeword=ZGMF-X10A&categories%5B%5D=6
hg-strike-freedom,HGCE,Strike Freedom Gundam,스트라이크 프리덤 건담,225,,https://manual.bandai-hobby.net/menus?freeword=ZGMF-X20A&categories%5B%5D=1&categories%5B%5D=5
rg-strike-freedom,RG,Strike Freedom Gundam,스트라이크 프리덤 건담,14,,https://manual.bandai-hobby.net/menus?freeword=ZGMF-X20A&categories%5B%5D=10
hg-exia,HG,Gundam Exia,건담 엑시아,175,,https://manual.bandai-hobby.net/menus?freeword=GN-001&categories%5B%5D=1&categories%5B%5D=5
rg-exia,RG,Gundam Exia,건담 엑시아,15,,https://manual.bandai-hobby.net/menus?freeword=GN-001&categories%5B%5D=10
mg-exia,MG,Gundam Exia,건담 엑시아,109,,https://manual.bandai-hobby.net/menus?freeword=GN-001&categories%5B%5D=6
hg-00-raiser,HG,00 Raiser,더블오 라이저,180,,https://manual.bandai-hobby.net/menus?freeword=RAISER&categories%5B%5D=1&categories%5B%5D=5
rg-00-raiser,RG,00 Raiser,더블오 라이저,13,,https://manual.bandai-hobby.net/menus?freeword=RAISER&categories%5B%5D=10
hg-nu-gundam,HGUC,Nu Gundam,뉴 건담,163,,https://manual.bandai-hobby.net/menus?freeword=RX-93&categories%5B%5D=5&categories%5B%5D=1
rg-nu-gundam,RG,Nu Gundam,뉴 건담,27,,https://manual.bandai-hobby.net/menus?freeword=RX-93&categories%5B%5D=10
mg-nu-gundam-verka,MG,Nu Gundam Ver.Ka,뉴 건담 Ver.Ka,100,,https://manual.bandai-hobby.net/menus?freeword=RX-93&categories%5B%5D=6
rg-sazabi,RG,Sazabi,사자비,29,,https://manual.bandai-hobby.net/menus?freeword=MSN-04&categories%5B%5D=10
mg-sazabi-verka,MG,Sazabi Ver.Ka,사자비 Ver.Ka,95,,https://manual.bandai-hobby.net/menus?freeword=MSN-04&categories%5B%5D=6
hg-sinanju,HGUC,Sinanju,시난주,70,,https://manual.bandai-hobby.net/menus?freeword=MSN-06S&categories%5B%5D=5&categories%5B%5D=1
rg-sinanju,RG,Sinanju,시난주,22,,https://manual.bandai-hobby.net/menus?freeword=MSN-06S&categories%5B%5D=10
mg-sinanju-verka,MG,Sinanju Ver.Ka,시난주 Ver.Ka,90,,https://manual.bandai-hobby.net/menus?freeword=MSN-06S&categories%5B%5D=6
hg-wing-zero-ew,HG,Wing Gundam Zero EW,윙 건담 제로 EW,185,,https://manual.bandai-hobby.net/menus?freeword=XXXG-00W0&categories%5B%5D=1&categories%5B%5D=5
rg-wing-zero-ew,RG,Wing Gundam Zero EW,윙 건담 제로 EW,17,,https://manual.bandai-hobby.net/menus?freeword=XXXG-00W0&categories%5B%5D=10
mg-wing-zero-ew-verka,MG,Wing Gundam Zero EW Ver.Ka,윙 건담 제로 EW Ver.Ka,130,,https://manual.bandai-hobby.net/menus?freeword=XXXG-00W0&categories%5B%5D=6
hg-zaku-ii,HGUC,Zaku II,자쿠 II,155,,https://manual.bandai-hobby.net/menus?freeword=MS-06F&categories%5B%5D=5&categories%5B%5D=1
rg-zaku-ii,RG,Zaku II,자쿠 II,3,,https://manual.bandai-hobby.net/menus?freeword=MS-06F&categories%5B%5D=10
mg-zaku-ii-ver2,MG,Zaku II Ver.2.0,자쿠 II Ver.2.0,88,,https://manual.bandai-hobby.net/menus?freeword=MS-06F&categories%5B%5D=6
rg-char-zaku,RG,Char's Zaku II,샤아 전용 자쿠 II,2,,https://manual.bandai-hobby.net/menus?freeword=MS-06S&categories%5B%5D=10
hg-barbatos,HG,Gundam Barbatos,건담 바르바토스,250,,https://manual.bandai-hobby.net/menus?freeword=ASW-G-08&categories%5B%5D=1&categories%5B%5D=5
hg-barbatos-lupus-rex,HG,Gundam Barbatos Lupus Rex,건담 바르바토스 루프스 렉스,270,,https://manual.bandai-hobby.net/menus?freeword=ASW-G-08&categories%5B%5D=1&categories%5B%5D=5
fm-barbatos-lupus-rex,FM,Gundam Barbatos Lupus Rex,건담 바르바토스 루프스 렉스,275,,https://manual.bandai-hobby.net/menus?freeword=ASW-G-08&categories%5B%5D=4
mgex-unicorn,MGEX,Unicorn Gundam,유니콘 건담,450,,https://manual.bandai-hobby.net/menus?freeword=RX-0&categories%5B%5D=7
sd-rx-78-2,SD,RX-78-2 Gundam,RX-78-2 건담,500,,https://manual.bandai-hobby.net/menus?freeword=RX-78-2&categories%5B%5D=35
sdex-strike,SDEX,Strike Gundam,스트라이크 건담,505,,https://manual.bandai-hobby.net/menus?freeword=GAT-X105&categories%5B%5D=14
hg-aerial,HG,Gundam Aerial,건담 에어리얼,510,,https://manual.bandai-hobby.net/menus?freeword=XVX-016&categories%5B%5D=1&categories%5B%5D=5
hg-aerial-rebuild,HG,Gundam Aerial Rebuild,건담 에어리얼 리빌드,515,,https://manual.bandai-hobby.net/menus?freeword=XVX-016RN&categories%5B%5D=1&categories%5B%5D=5
hg-calibarn,HG,Gundam Calibarn,건담 캘리번,518,,https://manual.bandai-hobby.net/menus?freeword=XVX-016RN&categories%5B%5D=1&categories%5B%5D=5
hg-rising-freedom,HGCE,Rising Freedom Gundam,라이징 프리덤 건담,520,,https://manual.bandai-hobby.net/menus?freeword=STTS-909&categories%5B%5D=1&categories%5B%5D=5
hg-mighty-strike-freedom,HGCE,Mighty Strike Freedom Gundam,마이티 스트라이크 프리덤 건담,525,,https://manual.bandai-hobby.net/menus?freeword=STTS-808&categories%5B%5D=1&categories%5B%5D=5
hg-destiny-spec2,HGCE,Destiny Gundam Spec II,데스티니 건담 스펙 II,530,,https://manual.bandai-hobby.net/menus?freeword=ZGMF-X42S-REVOLUTION&categories%5B%5D=1&categories%5B%5D=5
